{"stats":{"minecraft:dropped":{"minecraft:bread":10,"minecraft:cobblestone":5},"minecraft:custom":{"minecraft:mob_kills":7,"minecraft:interact_with_crafting_table":7,"minecraft:bell_ring":4,"minecraft:time_since_death":35800,"minecraft:sleep_in_bed":5,"minecraft:climb_one_cm":2005,"minecraft:time_since_rest":10555,"minecraft:sprint_one_cm":129792,"minecraft:damage_taken":415,"minecraft:walk_one_cm":113403,"minecraft:drop":6,"minecraft:damage_dealt":773,"minecraft:swim_one_cm":17079,"minecraft:fly_one_cm":143865,"minecraft:open_chest":1,"minecraft:crouch_one_cm":1658,"minecraft:play_time":35800,"minecraft:sneak_time":785,"minecraft:walk_under_water_one_cm":4620,"minecraft:jump":818,"minecraft:walk_on_water_one_cm":7873,"minecraft:total_world_time":35800,"minecraft:fall_one_cm":20305},"minecraft:picked_up":{"minecraft:cocoa_beans":6,"minecraft:crafting_table":1,"minecraft:wheat":3,"minecraft:feather":2,"minecraft:chicken":2,"minecraft:potato":8,"minecraft:flint":1,"minecraft:oak_log":5,"minecraft:dirt":7,"minecraft:wheat_seeds":34,"minecraft:stone_pickaxe":1,"minecraft:melon_slice":10,"minecraft:mangrove_log":9,"minecraft:egg":1,"minecraft:stick":1,"minecraft:raw_iron":3,"minecraft:pumpkin":1,"minecraft:gravel":3,"minecraft:porkchop":7,"minecraft:white_bed":5,"minecraft:carrot":22,"minecraft:beetroot_seeds":2,"minecraft:hay_block":28,"minecraft:mangrove_roots":1,"minecraft:bread":2,"minecraft:mutton":1,"minecraft:cobblestone":38,"minecraft:coal":4,"minecraft:white_wool":1},"minecraft:killed":{"minecraft:pig":4,"minecraft:sheep":1,"minecraft:chicken":2},"minecraft:crafted":{"minecraft:oak_planks":20,"minecraft:crafting_table":2,"minecraft:wooden_pickaxe":1,"minecraft:furnace":1,"minecraft:stone_axe":1,"minecraft:bread":21,"minecraft:stick":8,"minecraft:stone_sword":1,"minecraft:torch":12,"minecraft:wheat":63},"minecraft:used":{"minecraft:stone_sword":16,"minecraft:stone_pickaxe":24,"minecraft:wooden_pickaxe":24,"minecraft:torch":2,"minecraft:crafting_table":2,"minecraft:white_bed":4,"minecraft:bread":11,"minecraft:stone_axe":19,"minecraft:cobblestone":3,"minecraft:furnace":1,"minecraft:egg":1},"minecraft:mined":{"minecraft:white_bed":5,"minecraft:mangrove_roots":1,"minecraft:crafting_table":1,"minecraft:melon":3,"minecraft:tall_grass":14,"minecraft:hay_block":32,"minecraft:carrots":22,"minecraft:iron_ore":3,"minecraft:wheat":22,"minecraft:pumpkin":1,"minecraft:grass":16,"minecraft:oak_log":5,"minecraft:potatoes":8,"minecraft:coal_ore":3,"minecraft:beetroots":2,"minecraft:cocoa":2,"minecraft:vine":2,"minecraft:mangrove_log":9,"minecraft:stone":37,"minecraft:oak_leaves":4,"minecraft:fern":1}},"DataVersion":3465}