{"stats":{"minecraft:dropped":{"minecraft:bread":10,"minecraft:feather":2,"minecraft:cobblestone":5,"minecraft:white_bed":1,"minecraft:stick":1,"minecraft:stone_pickaxe":1},"minecraft:custom":{"minecraft:mob_kills":17,"minecraft:interact_with_crafting_table":10,"minecraft:bell_ring":4,"minecraft:time_since_death":27877,"minecraft:sleep_in_bed":9,"minecraft:climb_one_cm":3012,"minecraft:time_since_rest":5871,"minecraft:sprint_one_cm":153393,"minecraft:damage_taken":870,"minecraft:walk_one_cm":174401,"minecraft:drop":11,"minecraft:damage_dealt":1856,"minecraft:swim_one_cm":49925,"minecraft:fly_one_cm":197387,"minecraft:open_chest":1,"minecraft:crouch_one_cm":3158,"minecraft:play_time":71800,"minecraft:deaths":1,"minecraft:sneak_time":1336,"minecraft:walk_under_water_one_cm":10542,"minecraft:jump":1303,"minecraft:walk_on_water_one_cm":11482,"minecraft:total_world_time":71800,"minecraft:fall_one_cm":29542},"minecraft:picked_up":{"minecraft:cocoa_beans":6,"minecraft:crafting_table":3,"minecraft:wheat":45,"minecraft:feather":9,"minecraft:chicken":7,"minecraft:andesite":55,"minecraft:leather":3,"minecraft:potato":8,"minecraft:birch_planks":23,"minecraft:flint":1,"minecraft:oak_log":5,"minecraft:lapis_lazuli":58,"minecraft:dirt":20,"minecraft:raw_copper":11,"minecraft:wheat_seeds":34,"minecraft:cobbled_deepslate":51,"minecraft:beef":7,"minecraft:stone_pickaxe":2,"minecraft:bamboo":6,"minecraft:melon_slice":15,"minecraft:sugar_cane":2,"minecraft:oak_planks":1,"minecraft:mangrove_log":18,"minecraft:egg":1,"minecraft:stick":1,"minecraft:raw_iron":6,"minecraft:pumpkin":1,"minecraft:torch":44,"minecraft:gravel":13,"minecraft:porkchop":20,"minecraft:white_bed":8,"minecraft:carrot":22,"minecraft:rotten_flesh":2,"minecraft:stone_axe":1,"minecraft:beetroot_seeds":2,"minecraft:hay_block":49,"minecraft:granite":5,"minecraft:mangrove_roots":1,"minecraft:bread":2,"minecraft:mutton":1,"minecraft:cobblestone":186,"minecraft:coal":7,"minecraft:white_wool":2},"minecraft:killed":{"minecraft:pig":4,"minecraft:creeper":1,"minecraft:sheep":1,"minecraft:chicken":5,"minecraft:drowned":2,"minecraft:glow_squid":1,"minecraft:cow":3},"minecraft:crafted":{"minecraft:oak_planks":20,"minecraft:crafting_table":4,"minecraft:wooden_pickaxe":1,"minecraft:furnace":1,"minecraft:mangrove_planks":4,"minecraft:stone_axe":1,"minecraft:bread":35,"minecraft:stick":16,"minecraft:stone_pickaxe":3,"minecraft:stone_sword":1,"minecraft:torch":12,"minecraft:wheat":63},"minecraft:broken":{"minecraft:stone_pickaxe":2},"minecraft:used":{"minecraft:stone_sword":22,"minecraft:stone_pickaxe":299,"minecraft:wooden_pickaxe":24,"minecraft:torch":34,"minecraft:crafting_table":5,"minecraft:white_bed":5,"minecraft:bread":17,"minecraft:stone_axe":33,"minecraft:cobblestone":15,"minecraft:furnace":1,"minecraft:egg":1,"minecraft:cobbled_deepslate":17},"minecraft:mined":{"minecraft:white_bed":5,"minecraft:mangrove_roots":1,"minecraft:crafting_table":3,"minecraft:torch":3,"minecraft:granite":2,"minecraft:grass_block":4,"minecraft:melon":4,"minecraft:cobblestone":1,"minecraft:tall_grass":14,"minecraft:lapis_ore":4,"minecraft:sugar_cane":1,"minecraft:wall_torch":5,"minecraft:deepslate_copper_ore":2,"minecraft:hay_block":32,"minecraft:carrots":22,"minecraft:iron_ore":5,"minecraft:wheat":22,"minecraft:andesite":55,"minecraft:pumpkin":1,"minecraft:deepslate_iron_ore":3,"minecraft:grass":18,"minecraft:oak_log":5,"minecraft:potatoes":8,"minecraft:coal_ore":5,"minecraft:beetroots":2,"minecraft:cocoa":2,"minecraft:vine":2,"minecraft:gravel":2,"minecraft:dirt":9,"minecraft:mangrove_log":9,"minecraft:bamboo":1,"minecraft:stone":189,"minecraft:deepslate":45,"minecraft:oak_leaves":4,"minecraft:fern":1}},"DataVersion":3465}