{"stats":{"minecraft:dropped":{"minecraft:cobblestone":5,"minecraft:bread":10},"minecraft:picked_up":{"minecraft:stick":1,"minecraft:wheat_seeds":1,"minecraft:hay_block":7,"minecraft:oak_log":5,"minecraft:white_bed":1,"minecraft:cobblestone":8},"minecraft:custom":{"minecraft:time_since_rest":5800,"minecraft:play_time":5800,"minecraft:sprint_one_cm":17351,"minecraft:damage_taken":20,"minecraft:walk_one_cm":19228,"minecraft:sneak_time":35,"minecraft:drop":6,"minecraft:jump":110,"minecraft:damage_dealt":10,"minecraft:time_since_death":5800,"minecraft:walk_on_water_one_cm":1714,"minecraft:climb_one_cm":48,"minecraft:total_world_time":5800,"minecraft:interact_with_crafting_table":3,"minecraft:fall_one_cm":3580,"minecraft:fly_one_cm":24449},"minecraft:crafted":{"minecraft:oak_planks":20,"minecraft:crafting_table":1,"minecraft:stick":4,"minecraft:wooden_pickaxe":1,"minecraft:bread":21,"minecraft:wheat":63},"minecraft:used":{"minecraft:crafting_table":1,"minecraft:bread":1,"minecraft:wooden_pickaxe":8},"minecraft:mined":{"minecraft:hay_block":7,"minecraft:grass":5,"minecraft:oak_log":5,"minecraft:white_bed":1,"minecraft:tall_grass":3,"minecraft:stone":8,"minecraft:oak_leaves":4}},"DataVersion":3465}