{"stats":{"minecraft:dropped":{"minecraft:bread":10,"minecraft:feather":2,"minecraft:cobblestone":5,"minecraft:stick":1,"minecraft:stone_pickaxe":1},"minecraft:custom":{"minecraft:mob_kills":11,"minecraft:interact_with_crafting_table":9,"minecraft:bell_ring":4,"minecraft:time_since_death":15877,"minecraft:sleep_in_bed":5,"minecraft:climb_one_cm":2005,"minecraft:time_since_rest":15905,"minecraft:sprint_one_cm":133623,"minecraft:damage_taken":800,"minecraft:walk_one_cm":151686,"minecraft:drop":10,"minecraft:damage_dealt":1416,"minecraft:swim_one_cm":30527,"minecraft:fly_one_cm":148875,"minecraft:open_chest":1,"minecraft:crouch_one_cm":3156,"minecraft:play_time":59800,"minecraft:deaths":1,"minecraft:sneak_time":1299,"minecraft:walk_under_water_one_cm":9873,"minecraft:jump":1024,"minecraft:walk_on_water_one_cm":9349,"minecraft:total_world_time":59800,"minecraft:fall_one_cm":24339},"minecraft:picked_up":{"minecraft:cocoa_beans":6,"minecraft:crafting_table":2,"minecraft:wheat":45,"minecraft:feather":4,"minecraft:chicken":4,"minecraft:andesite":14,"minecraft:potato":8,"minecraft:birch_planks":23,"minecraft:flint":1,"minecraft:oak_log":5,"minecraft:lapis_lazuli":58,"minecraft:dirt":7,"minecraft:raw_copper":11,"minecraft:wheat_seeds":34,"minecraft:cobbled_deepslate":51,"minecraft:beef":4,"minecraft:stone_pickaxe":2,"minecraft:melon_slice":10,"minecraft:oak_planks":1,"minecraft:mangrove_log":18,"minecraft:egg":1,"minecraft:stick":1,"minecraft:raw_iron":4,"minecraft:pumpkin":1,"minecraft:torch":36,"minecraft:gravel":5,"minecraft:porkchop":20,"minecraft:white_bed":6,"minecraft:carrot":22,"minecraft:rotten_flesh":2,"minecraft:stone_axe":1,"minecraft:beetroot_seeds":2,"minecraft:hay_block":49,"minecraft:granite":3,"minecraft:mangrove_roots":1,"minecraft:bread":2,"minecraft:mutton":1,"minecraft:cobblestone":83,"minecraft:coal":7,"minecraft:white_wool":2},"minecraft:killed":{"minecraft:pig":4,"minecraft:creeper":1,"minecraft:sheep":1,"minecraft:chicken":2,"minecraft:drowned":2,"minecraft:glow_squid":1},"minecraft:crafted":{"minecraft:oak_planks":20,"minecraft:crafting_table":4,"minecraft:wooden_pickaxe":1,"minecraft:furnace":1,"minecraft:mangrove_planks":4,"minecraft:stone_axe":1,"minecraft:bread":35,"minecraft:stick":12,"minecraft:stone_pickaxe":2,"minecraft:stone_sword":1,"minecraft:torch":12,"minecraft:wheat":63},"minecraft:broken":{"minecraft:stone_pickaxe":1},"minecraft:used":{"minecraft:stone_sword":22,"minecraft:stone_pickaxe":140,"minecraft:wooden_pickaxe":24,"minecraft:torch":19,"minecraft:crafting_table":4,"minecraft:white_bed":4,"minecraft:bread":15,"minecraft:stone_axe":23,"minecraft:cobblestone":8,"minecraft:furnace":1,"minecraft:egg":1,"minecraft:cobbled_deepslate":17},"minecraft:mined":{"minecraft:white_bed":5,"minecraft:mangrove_roots":1,"minecraft:crafting_table":2,"minecraft:melon":3,"minecraft:tall_grass":14,"minecraft:lapis_ore":4,"minecraft:wall_torch":1,"minecraft:deepslate_copper_ore":2,"minecraft:hay_block":32,"minecraft:carrots":22,"minecraft:iron_ore":3,"minecraft:wheat":22,"minecraft:andesite":14,"minecraft:pumpkin":1,"minecraft:deepslate_iron_ore":3,"minecraft:grass":16,"minecraft:oak_log":5,"minecraft:potatoes":8,"minecraft:coal_ore":5,"minecraft:beetroots":2,"minecraft:cocoa":2,"minecraft:vine":2,"minecraft:gravel":1,"minecraft:mangrove_log":9,"minecraft:stone":83,"minecraft:deepslate":45,"minecraft:oak_leaves":4,"minecraft:fern":1}},"DataVersion":3465}