{"stats":{"minecraft:dropped":{"minecraft:bread":10,"minecraft:cobblestone":5},"minecraft:picked_up":{"minecraft:cocoa_beans":6,"minecraft:stick":1,"minecraft:raw_iron":3,"minecraft:wheat":3,"minecraft:potato":8,"minecraft:oak_log":5,"minecraft:white_bed":3,"minecraft:carrot":22,"minecraft:beetroot_seeds":2,"minecraft:wheat_seeds":33,"minecraft:hay_block":28,"minecraft:stone_pickaxe":1,"minecraft:bread":2,"minecraft:melon_slice":10,"minecraft:coal":3,"minecraft:mutton":1,"minecraft:white_wool":1,"minecraft:cobblestone":30,"minecraft:egg":1},"minecraft:custom":{"minecraft:time_since_rest":12017,"minecraft:sprint_one_cm":89377,"minecraft:damage_taken":285,"minecraft:walk_one_cm":72151,"minecraft:mob_kills":1,"minecraft:drop":6,"minecraft:damage_dealt":183,"minecraft:swim_one_cm":9793,"minecraft:interact_with_crafting_table":6,"minecraft:fly_one_cm":117172,"minecraft:open_chest":1,"minecraft:crouch_one_cm":481,"minecraft:play_time":23800,"minecraft:bell_ring":4,"minecraft:sneak_time":334,"minecraft:walk_under_water_one_cm":1446,"minecraft:jump":573,"minecraft:walk_on_water_one_cm":4496,"minecraft:time_since_death":23800,"minecraft:sleep_in_bed":4,"minecraft:total_world_time":23800,"minecraft:climb_one_cm":1254,"minecraft:fall_one_cm":14013},"minecraft:killed":{"minecraft:sheep":1},"minecraft:crafted":{"minecraft:oak_planks":20,"minecraft:crafting_table":1,"minecraft:stick":4,"minecraft:wooden_pickaxe":1,"minecraft:stone_sword":1,"minecraft:furnace":1,"minecraft:bread":21,"minecraft:wheat":63},"minecraft:used":{"minecraft:stone_sword":12,"minecraft:bread":9,"minecraft:stone_pickaxe":14,"minecraft:wooden_pickaxe":24,"minecraft:crafting_table":1,"minecraft:furnace":1,"minecraft:white_bed":2,"minecraft:egg":1},"minecraft:mined":{"minecraft:hay_block":32,"minecraft:white_bed":3,"minecraft:carrots":22,"minecraft:iron_ore":3,"minecraft:wheat":22,"minecraft:grass":12,"minecraft:beetroots":2,"minecraft:potatoes":8,"minecraft:coal_ore":3,"minecraft:oak_log":5,"minecraft:melon":3,"minecraft:cocoa":2,"minecraft:vine":2,"minecraft:tall_grass":13,"minecraft:stone":29,"minecraft:oak_leaves":4,"minecraft:fern":1}},"DataVersion":3465}