{"stats":{"minecraft:dropped":{"minecraft:bread":2,"minecraft:stone_axe":1,"minecraft:birch_planks":23,"minecraft:porkchop":13,"minecraft:wheat":42,"minecraft:oak_planks":1,"minecraft:mangrove_log":9,"minecraft:torch":31,"minecraft:beef":4,"minecraft:stone_pickaxe":2,"minecraft:white_wool":1},"minecraft:custom":{"minecraft:mob_kills":16,"minecraft:interact_with_crafting_table":8,"minecraft:time_since_death":59412,"minecraft:sleep_in_bed":4,"minecraft:climb_one_cm":2796,"minecraft:time_since_rest":34555,"minecraft:sprint_one_cm":186716,"minecraft:damage_taken":558,"minecraft:walk_one_cm":100335,"minecraft:drop":15,"minecraft:damage_dealt":1960,"minecraft:swim_one_cm":45339,"minecraft:fly_one_cm":227927,"minecraft:crouch_one_cm":9223,"minecraft:play_time":59412,"minecraft:sneak_time":4427,"minecraft:walk_under_water_one_cm":3045,"minecraft:jump":1434,"minecraft:walk_on_water_one_cm":9525,"minecraft:total_world_time":59412,"minecraft:fall_one_cm":38562},"minecraft:picked_up":{"minecraft:birch_log":16,"minecraft:mud":1,"minecraft:crafting_table":3,"minecraft:glow_ink_sac":3,"minecraft:andesite":6,"minecraft:leather":4,"minecraft:potato":11,"minecraft:flint":3,"minecraft:tuff":5,"minecraft:oak_log":4,"minecraft:gunpowder":3,"minecraft:dirt":3,"minecraft:raw_copper":12,"minecraft:wheat_seeds":27,"minecraft:cobbled_deepslate":195,"minecraft:stone_pickaxe":2,"minecraft:beef":4,"minecraft:melon_slice":9,"minecraft:sugar_cane":3,"minecraft:mangrove_log":9,"minecraft:raw_iron":15,"minecraft:torch":13,"minecraft:gravel":5,"minecraft:porkchop":13,"minecraft:white_bed":3,"minecraft:carrot":37,"minecraft:stone_axe":1,"minecraft:beetroot_seeds":4,"minecraft:hay_block":26,"minecraft:granite":16,"minecraft:mangrove_roots":2,"minecraft:bread":10,"minecraft:mutton":6,"minecraft:coal":91,"minecraft:cobblestone":76,"minecraft:white_wool":4},"minecraft:killed":{"minecraft:pig":8,"minecraft:creeper":2,"minecraft:sheep":3,"minecraft:cow":3},"minecraft:crafted":{"minecraft:oak_planks":16,"minecraft:crafting_table":1,"minecraft:birch_planks":64,"minecraft:stone_axe":1,"minecraft:bread":64,"minecraft:stick":52,"minecraft:stone_pickaxe":4,"minecraft:white_bed":1,"minecraft:torch":108,"minecraft:wheat":234},"minecraft:broken":{"minecraft:stone_pickaxe":3},"minecraft:used":{"minecraft:stone_pickaxe":490,"minecraft:torch":59,"minecraft:crafting_table":3,"minecraft:carrot":4,"minecraft:white_bed":3,"minecraft:granite":1,"minecraft:bread":17,"minecraft:stone_axe":54,"minecraft:cobblestone":5,"minecraft:mangrove_roots":2},"minecraft:mined":{"minecraft:tuff":5,"minecraft:white_bed":4,"minecraft:mangrove_roots":2,"minecraft:crafting_table":3,"minecraft:granite":19,"minecraft:melon":1,"minecraft:dead_bush":1,"minecraft:tall_grass":9,"minecraft:sugar_cane":1,"minecraft:wall_torch":11,"minecraft:deepslate_copper_ore":4,"minecraft:hay_block":22,"minecraft:carrots":14,"minecraft:mud":1,"minecraft:birch_log":16,"minecraft:iron_ore":5,"minecraft:wheat":24,"minecraft:andesite":6,"minecraft:birch_leaves":5,"minecraft:mangrove_leaves":4,"minecraft:grass":17,"minecraft:oak_log":4,"minecraft:potatoes":11,"minecraft:coal_ore":92,"minecraft:deepslate_iron_ore":8,"minecraft:beetroots":4,"minecraft:gravel":5,"minecraft:dirt":3,"minecraft:stone":72,"minecraft:deepslate":200,"minecraft:oak_leaves":6}},"DataVersion":3465}