{"stats":{"minecraft:picked_up":{"minecraft:beetroot_seeds":4,"minecraft:wheat_seeds":26,"minecraft:potato":11,"minecraft:oak_log":4,"minecraft:bread":10,"minecraft:white_bed":1,"minecraft:carrot":15,"minecraft:mutton":6,"minecraft:white_wool":3,"minecraft:cobblestone":5},"minecraft:custom":{"minecraft:time_since_rest":5412,"minecraft:crouch_one_cm":37,"minecraft:play_time":5412,"minecraft:sprint_one_cm":26842,"minecraft:damage_taken":10,"minecraft:walk_one_cm":16027,"minecraft:sneak_time":31,"minecraft:walk_under_water_one_cm":353,"minecraft:mob_kills":3,"minecraft:jump":157,"minecraft:damage_dealt":260,"minecraft:walk_on_water_one_cm":739,"minecraft:time_since_death":5412,"minecraft:total_world_time":5412,"minecraft:interact_with_crafting_table":2,"minecraft:fall_one_cm":4325,"minecraft:fly_one_cm":34387},"minecraft:killed":{"minecraft:sheep":3},"minecraft:crafted":{"minecraft:oak_planks":16},"minecraft:mined":{"minecraft:grass":5,"minecraft:potatoes":11,"minecraft:oak_log":4,"minecraft:beetroots":4,"minecraft:white_bed":1,"minecraft:carrots":14,"minecraft:wheat":24,"minecraft:oak_leaves":6}},"DataVersion":3465}