{"stats":{"minecraft:dropped":{"minecraft:bread":2,"minecraft:stone_axe":1,"minecraft:porkchop":13,"minecraft:birch_planks":23,"minecraft:tuff":5,"minecraft:wheat":42,"minecraft:oak_planks":1,"minecraft:mangrove_log":9,"minecraft:torch":31,"minecraft:beef":4,"minecraft:stone_pickaxe":2,"minecraft:white_wool":1},"minecraft:custom":{"minecraft:mob_kills":27,"minecraft:interact_with_crafting_table":8,"minecraft:leave_game":1,"minecraft:time_since_death":71322,"minecraft:sleep_in_bed":7,"minecraft:climb_one_cm":5187,"minecraft:time_since_rest":5871,"minecraft:sprint_one_cm":220334,"minecraft:damage_taken":598,"minecraft:walk_one_cm":121801,"minecraft:drop":16,"minecraft:damage_dealt":2860,"minecraft:swim_one_cm":55173,"minecraft:fly_one_cm":278440,"minecraft:crouch_one_cm":9328,"minecraft:play_time":71322,"minecraft:sneak_time":4570,"minecraft:walk_under_water_one_cm":3219,"minecraft:jump":1763,"minecraft:walk_on_water_one_cm":10291,"minecraft:total_world_time":71322,"minecraft:fall_one_cm":44741},"minecraft:picked_up":{"minecraft:birch_log":16,"minecraft:mud":1,"minecraft:crafting_table":3,"minecraft:feather":6,"minecraft:chicken":3,"minecraft:glow_ink_sac":3,"minecraft:andesite":10,"minecraft:leather":10,"minecraft:potato":11,"minecraft:flint":3,"minecraft:tuff":5,"minecraft:oak_log":4,"minecraft:gunpowder":3,"minecraft:dirt":3,"minecraft:raw_copper":12,"minecraft:wheat_seeds":31,"minecraft:cobbled_deepslate":195,"minecraft:stone_pickaxe":2,"minecraft:beef":17,"minecraft:melon_slice":85,"minecraft:sugar_cane":14,"minecraft:mangrove_log":9,"minecraft:raw_iron":15,"minecraft:torch":15,"minecraft:porkchop":15,"minecraft:gravel":5,"minecraft:white_bed":4,"minecraft:carrot":37,"minecraft:stone_axe":1,"minecraft:beetroot_seeds":4,"minecraft:hay_block":26,"minecraft:granite":24,"minecraft:mangrove_roots":2,"minecraft:bread":10,"minecraft:mutton":9,"minecraft:coal":91,"minecraft:white_wool":4,"minecraft:cobblestone":103},"minecraft:killed":{"minecraft:pig":9,"minecraft:creeper":2,"minecraft:sheep":5,"minecraft:chicken":3,"minecraft:cow":8},"minecraft:crafted":{"minecraft:oak_planks":16,"minecraft:crafting_table":1,"minecraft:birch_planks":64,"minecraft:stone_axe":1,"minecraft:bread":64,"minecraft:stick":52,"minecraft:stone_pickaxe":4,"minecraft:white_bed":1,"minecraft:torch":108,"minecraft:wheat":234},"minecraft:broken":{"minecraft:stone_pickaxe":4,"minecraft:stone_axe":1},"minecraft:used":{"minecraft:stone_pickaxe":526,"minecraft:torch":66,"minecraft:crafting_table":3,"minecraft:carrot":4,"minecraft:white_bed":4,"minecraft:granite":1,"minecraft:bread":19,"minecraft:stone_axe":134,"minecraft:cobblestone":5,"minecraft:mangrove_roots":2,"minecraft:porkchop":2},"minecraft:mined":{"minecraft:tuff":5,"minecraft:white_bed":6,"minecraft:mangrove_roots":2,"minecraft:crafting_table":3,"minecraft:granite":26,"minecraft:melon":17,"minecraft:dead_bush":1,"minecraft:tall_grass":9,"minecraft:sugar_cane":7,"minecraft:wall_torch":14,"minecraft:deepslate_copper_ore":4,"minecraft:hay_block":22,"minecraft:carrots":14,"minecraft:mud":1,"minecraft:birch_log":16,"minecraft:iron_ore":5,"minecraft:wheat":24,"minecraft:andesite":10,"minecraft:birch_leaves":5,"minecraft:mangrove_leaves":4,"minecraft:grass":43,"minecraft:oak_log":4,"minecraft:potatoes":11,"minecraft:coal_ore":92,"minecraft:beetroots":4,"minecraft:deepslate_iron_ore":8,"minecraft:vine":1,"minecraft:gravel":5,"minecraft:dirt":3,"minecraft:stone":95,"minecraft:fern":11,"minecraft:oak_leaves":6,"minecraft:deepslate":200}},"DataVersion":3465}