{"stats":{"minecraft:dropped":{"minecraft:bread":2,"minecraft:stone_pickaxe":1},"minecraft:picked_up":{"minecraft:mud":1,"minecraft:crafting_table":1,"minecraft:leather":4,"minecraft:potato":11,"minecraft:porkchop":2,"minecraft:oak_log":4,"minecraft:white_bed":2,"minecraft:carrot":15,"minecraft:beetroot_seeds":4,"minecraft:wheat_seeds":26,"minecraft:hay_block":26,"minecraft:beef":4,"minecraft:granite":1,"minecraft:mangrove_roots":2,"minecraft:bread":10,"minecraft:melon_slice":9,"minecraft:sugar_cane":3,"minecraft:mutton":6,"minecraft:coal":34,"minecraft:white_wool":3,"minecraft:cobblestone":31},"minecraft:custom":{"minecraft:time_since_rest":12017,"minecraft:sprint_one_cm":113122,"minecraft:damage_taken":283,"minecraft:walk_one_cm":44133,"minecraft:mob_kills":7,"minecraft:drop":3,"minecraft:damage_dealt":815,"minecraft:swim_one_cm":8589,"minecraft:interact_with_crafting_table":6,"minecraft:fly_one_cm":163778,"minecraft:crouch_one_cm":2978,"minecraft:play_time":23412,"minecraft:sneak_time":834,"minecraft:walk_under_water_one_cm":1093,"minecraft:jump":806,"minecraft:time_since_death":23412,"minecraft:walk_on_water_one_cm":2335,"minecraft:sleep_in_bed":3,"minecraft:total_world_time":23412,"minecraft:climb_one_cm":322,"minecraft:fall_one_cm":24042},"minecraft:killed":{"minecraft:sheep":3,"minecraft:pig":1,"minecraft:cow":3},"minecraft:crafted":{"minecraft:oak_planks":16,"minecraft:crafting_table":1,"minecraft:stick":8,"minecraft:stone_pickaxe":3,"minecraft:stone_axe":1,"minecraft:bread":64,"minecraft:wheat":234},"minecraft:used":{"minecraft:bread":10,"minecraft:stone_pickaxe":120,"minecraft:stone_axe":1,"minecraft:crafting_table":1,"minecraft:mangrove_roots":2,"minecraft:carrot":4,"minecraft:white_bed":2,"minecraft:granite":1},"minecraft:mined":{"minecraft:hay_block":22,"minecraft:white_bed":3,"minecraft:carrots":14,"minecraft:mud":1,"minecraft:wheat":24,"minecraft:mangrove_roots":2,"minecraft:crafting_table":1,"minecraft:granite":1,"minecraft:grass":16,"minecraft:coal_ore":34,"minecraft:potatoes":11,"minecraft:oak_log":4,"minecraft:melon":1,"minecraft:beetroots":4,"minecraft:tall_grass":5,"minecraft:stone":27,"minecraft:sugar_cane":1,"minecraft:oak_leaves":6}},"DataVersion":3465}