{"stats":{"minecraft:dropped":{"minecraft:bread":2,"minecraft:stone_pickaxe":1},"minecraft:custom":{"minecraft:time_since_rest":10555,"minecraft:sprint_one_cm":167914,"minecraft:damage_taken":383,"minecraft:walk_one_cm":67139,"minecraft:mob_kills":14,"minecraft:drop":3,"minecraft:damage_dealt":1550,"minecraft:swim_one_cm":32164,"minecraft:interact_with_crafting_table":7,"minecraft:fly_one_cm":216960,"minecraft:crouch_one_cm":4183,"minecraft:play_time":35412,"minecraft:sneak_time":1391,"minecraft:walk_under_water_one_cm":1886,"minecraft:jump":1198,"minecraft:time_since_death":35412,"minecraft:walk_on_water_one_cm":7332,"minecraft:sleep_in_bed":4,"minecraft:total_world_time":35412,"minecraft:climb_one_cm":2796,"minecraft:fall_one_cm":32386},"minecraft:picked_up":{"minecraft:raw_iron":5,"minecraft:mud":1,"minecraft:crafting_table":2,"minecraft:leather":4,"minecraft:potato":11,"minecraft:porkchop":13,"minecraft:oak_log":4,"minecraft:white_bed":3,"minecraft:carrot":15,"minecraft:dirt":1,"minecraft:beetroot_seeds":4,"minecraft:wheat_seeds":27,"minecraft:hay_block":26,"minecraft:beef":4,"minecraft:granite":1,"minecraft:mangrove_roots":2,"minecraft:bread":10,"minecraft:melon_slice":9,"minecraft:sugar_cane":3,"minecraft:mutton":6,"minecraft:coal":34,"minecraft:white_wool":3,"minecraft:cobblestone":32,"minecraft:birch_log":16},"minecraft:killed":{"minecraft:sheep":3,"minecraft:pig":8,"minecraft:cow":3},"minecraft:crafted":{"minecraft:oak_planks":16,"minecraft:crafting_table":1,"minecraft:stick":16,"minecraft:stone_pickaxe":3,"minecraft:white_bed":1,"minecraft:torch":32,"minecraft:stone_axe":1,"minecraft:bread":64,"minecraft:wheat":234},"minecraft:broken":{"minecraft:stone_pickaxe":1},"minecraft:used":{"minecraft:bread":14,"minecraft:stone_pickaxe":127,"minecraft:torch":2,"minecraft:stone_axe":47,"minecraft:crafting_table":2,"minecraft:mangrove_roots":2,"minecraft:carrot":4,"minecraft:white_bed":3,"minecraft:granite":1},"minecraft:mined":{"minecraft:hay_block":22,"minecraft:white_bed":4,"minecraft:carrots":14,"minecraft:mud":1,"minecraft:birch_log":16,"minecraft:iron_ore":5,"minecraft:wheat":24,"minecraft:birch_leaves":5,"minecraft:mangrove_roots":2,"minecraft:mangrove_leaves":4,"minecraft:crafting_table":2,"minecraft:granite":1,"minecraft:grass":17,"minecraft:coal_ore":34,"minecraft:potatoes":11,"minecraft:oak_log":4,"minecraft:melon":1,"minecraft:beetroots":4,"minecraft:dead_bush":1,"minecraft:dirt":1,"minecraft:tall_grass":9,"minecraft:stone":28,"minecraft:sugar_cane":1,"minecraft:oak_leaves":6}},"DataVersion":3465}